1,3,1,0,3,0,0,0,0,0,0,0,0,0,0,0,0,0,0,0,0,0,0,0,0,0,0,0,0,0,0,0,0,0,0,0,0,0,0,0
0,0,0,0,0,0,0,0,0,0,0,0,0,0,0,0,0,0,0,0,0,0,0,0,0,0,0,0,0,0,0,0,0,0,0,0,0,0,0,0
2,4,2,0,4,0,0,0,0,0,0,0,0,0,0,0,0,0,0,0,0,0,0,0,0,0,0,0,0,0,0,0,0,0,0,0,0,0,0,0
19,0,5,0,5,0,0,19,0,0,0,0,0,0,0,0,0,0,0,0,0,0,0,0,0,0,0,0,0,0,0,0,0,0,0,0,0,0,0,0
0,0,0,0,0,0,0,0,0,0,0,0,0,0,0,0,0,0,0,0,0,0,0,0,0,0,0,0,0,0,0,0,0,0,0,0,0,0,0,0
20,0,6,0,6,0,0,20,0,0,0,0,0,0,0,0,0,0,0,0,0,0,0,0,0,0,0,0,0,0,0,0,0,0,0,0,0,0,0,0
23,0,13,7,7,0,13,0,23,0,0,0,0,0,0,0,0,0,0,0,0,0,0,0,0,0,0,0,0,0,0,0,0,0,0,0,0,0,0,0
0,0,0,0,0,0,0,0,0,0,0,0,0,0,0,0,0,0,0,0,0,0,0,0,0,0,0,0,0,0,0,0,0,0,0,0,0,0,0,0
24,0,14,8,8,0,14,0,24,0,0,0,0,0,0,0,0,0,0,0,0,0,0,0,0,0,0,0,0,0,0,0,0,0,0,0,0,0,0,0
29,0,39,9,0,9,0,0,0,29,39,0,0,0,0,0,0,0,0,0,0,0,0,0,0,0,0,0,0,0,0,0,0,0,0,0,0,0,0,0
0,0,0,0,0,0,0,0,0,0,0,0,0,0,0,0,0,0,0,0,0,0,0,0,0,0,0,0,0,0,0,0,0,0,0,0,0,0,0,0
30,0,40,10,0,10,0,0,0,30,40,0,0,0,0,0,0,0,0,0,0,0,0,0,0,0,0,0,0,0,0,0,0,0,0,0,0,0,0,0
55,0,0,31,11,11,0,0,0,31,0,0,55,0,0,0,0,0,0,0,0,0,0,0,0,0,0,0,0,0,0,0,0,0,0,0,0,0,0,0
0,0,0,0,0,0,0,0,0,0,0,0,0,0,0,0,0,0,0,0,0,0,0,0,0,0,0,0,0,0,0,0,0,0,0,0,0,0,0,0
56,0,0,32,12,12,0,0,0,32,0,0,56,0,0,0,0,0,0,0,0,0,0,0,0,0,0,0,0,0,0,0,0,0,0,0,0,0,0,0
77,57,0,41,15,0,15,0,0,0,41,0,57,0,77,0,0,0,0,0,0,0,0,0,0,0,0,0,0,0,0,0,0,0,0,0,0,0,0,0
0,0,0,0,0,0,0,0,0,0,0,0,0,0,0,0,0,0,0,0,0,0,0,0,0,0,0,0,0,0,0,0,0,0,0,0,0,0,0,0
78,58,0,42,16,0,16,0,0,0,42,0,58,0,78,0,0,0,0,0,0,0,0,0,0,0,0,0,0,0,0,0,0,0,0,0,0,0,0,0
121,63,59,0,25,17,17,0,25,0,0,0,59,63,0,0,0,121,0,0,0,0,0,0,0,0,0,0,0,0,0,0,0,0,0,0,0,0,0,0
0,0,0,0,0,0,0,0,0,0,0,0,0,0,0,0,0,0,0,0,0,0,0,0,0,0,0,0,0,0,0,0,0,0,0,0,0,0,0,0
122,64,60,0,26,18,18,0,26,0,0,0,60,64,0,0,0,122,0,0,0,0,0,0,0,0,0,0,0,0,0,0,0,0,0,0,0,0,0,0
145,97,65,0,33,21,27,21,27,33,0,0,0,65,0,0,97,0,145,0,0,0,0,0,0,0,0,0,0,0,0,0,0,0,0,0,0,0,0,0
0,0,0,0,0,0,0,0,0,0,0,0,0,0,0,0,0,0,0,0,0,0,0,0,0,0,0,0,0,0,0,0,0,0,0,0,0,0,0,0
146,98,66,0,34,22,28,22,28,34,0,0,0,66,0,0,98,0,146,0,0,0,0,0,0,0,0,0,0,0,0,0,0,0,0,0,0,0,0,0
197,179,91,67,45,35,0,0,0,35,0,45,0,67,0,91,0,0,0,0,179,197,0,0,0,0,0,0,0,0,0,0,0,0,0,0,0,0,0,0
0,0,0,0,0,0,0,0,0,0,0,0,0,0,0,0,0,0,0,0,0,0,0,0,0,0,0,0,0,0,0,0,0,0,0,0,0,0,0,0
198,180,92,68,46,36,0,0,0,36,0,46,0,68,0,92,0,0,0,0,180,198,0,0,0,0,0,0,0,0,0,0,0,0,0,0,0,0,0,0
217,0,99,93,79,43,0,37,0,37,43,0,0,0,79,93,99,0,0,0,0,0,217,0,0,0,0,0,0,0,0,0,0,0,0,0,0,0,0,0
0,0,0,0,0,0,0,0,0,0,0,0,0,0,0,0,0,0,0,0,0,0,0,0,0,0,0,0,0,0,0,0,0,0,0,0,0,0,0,0
218,0,100,94,80,44,0,38,0,38,44,0,0,0,80,94,100,0,0,0,0,0,218,0,0,0,0,0,0,0,0,0,0,0,0,0,0,0,0,0
437,219,123,101,0,47,0,0,0,0,0,47,0,0,0,0,101,123,0,0,0,0,219,0,0,0,0,0,0,0,437,0,0,0,0,0,0,0,0,0
0,0,0,0,0,0,0,0,0,0,0,0,0,0,0,0,0,0,0,0,0,0,0,0,0,0,0,0,0,0,0,0,0,0,0,0,0,0,0,0
438,220,124,102,0,48,0,0,0,0,0,48,0,0,0,0,102,124,0,0,0,0,220,0,0,0,0,0,0,0,438,0,0,0,0,0,0,0,0,0
553,237,0,125,103,69,0,0,49,0,0,49,0,69,0,0,103,125,0,0,0,0,0,237,0,0,0,0,0,0,0,0,0,0,553,0,0,0,0,0
0,0,0,0,0,0,0,0,0,0,0,0,0,0,0,0,0,0,0,0,0,0,0,0,0,0,0,0,0,0,0,0,0,0,0,0,0,0,0,0
554,238,0,126,104,70,0,0,50,0,0,50,0,70,0,0,104,126,0,0,0,0,0,238,0,0,0,0,0,0,0,0,0,0,554,0,0,0,0,0
595,319,239,163,199,81,71,0,0,51,0,51,0,71,81,0,0,0,0,163,0,199,0,239,0,0,319,0,0,0,0,0,0,0,0,595,0,0,0,0
0,0,0,0,0,0,0,0,0,0,0,0,0,0,0,0,0,0,0,0,0,0,0,0,0,0,0,0,0,0,0,0,0,0,0,0,0,0,0,0
596,320,240,164,200,82,72,0,0,52,0,52,0,72,82,0,0,0,0,164,0,200,0,240,0,0,320,0,0,0,0,0,0,0,0,596,0,0,0,0
675,343,261,181,221,105,0,0,83,61,53,53,61,0,83,0,105,0,0,0,181,0,221,0,261,0,0,343,0,0,0,0,0,0,0,0,0,675,0,0
0,0,0,0,0,0,0,0,0,0,0,0,0,0,0,0,0,0,0,0,0,0,0,0,0,0,0,0,0,0,0,0,0,0,0,0,0,0,0,0
676,344,262,182,222,106,0,0,84,62,54,54,62,0,84,0,106,0,0,0,182,0,222,0,262,0,0,344,0,0,0,0,0,0,0,0,0,676,0,0
749,453,289,241,0,127,107,0,0,85,73,0,0,73,85,0,107,127,0,0,0,0,0,241,0,289,0,0,0,0,0,453,0,0,0,0,0,0,0,749
0,0,0,0,0,0,0,0,0,0,0,0,0,0,0,0,0,0,0,0,0,0,0,0,0,0,0,0,0,0,0,0,0,0,0,0,0,0,0,0
750,454,290,242,0,128,108,0,0,86,74,0,0,74,86,0,108,128,0,0,0,0,0,242,0,290,0,0,0,0,0,454,0,0,0,0,0,0,0,750
0,487,345,0,291,147,129,109,0,95,87,0,75,75,87,95,109,129,147,0,0,0,0,0,0,291,0,345,0,0,0,0,487,0,0,0,0,0,0,0
0,0,0,0,0,0,0,0,0,0,0,0,0,0,0,0,0,0,0,0,0,0,0,0,0,0,0,0,0,0,0,0,0,0,0,0,0,0,0,0
0,488,346,0,292,148,130,110,0,96,88,0,76,76,88,96,110,130,148,0,0,0,0,0,0,292,0,346,0,0,0,0,488,0,0,0,0,0,0,0
0,555,401,347,321,165,149,131,0,111,0,89,0,0,89,0,111,131,149,165,0,0,0,0,0,0,321,347,0,401,0,0,0,0,555,0,0,0,0,0
0,0,0,0,0,0,0,0,0,0,0,0,0,0,0,0,0,0,0,0,0,0,0,0,0,0,0,0,0,0,0,0,0,0,0,0,0,0,0,0
0,556,402,348,322,166,150,132,0,112,0,90,0,0,90,0,112,132,150,166,0,0,0,0,0,0,322,348,0,402,0,0,0,0,556,0,0,0,0,0
0,677,557,377,0,201,167,151,0,133,113,0,0,0,0,0,113,133,151,167,0,201,0,0,0,0,0,0,377,0,0,0,0,0,557,0,0,677,0,0
0,0,0,0,0,0,0,0,0,0,0,0,0,0,0,0,0,0,0,0,0,0,0,0,0,0,0,0,0,0,0,0,0,0,0,0,0,0,0,0
0,678,558,378,0,202,168,152,0,134,114,0,0,0,0,0,114,134,152,168,0,202,0,0,0,0,0,0,378,0,0,0,0,0,558,0,0,678,0,0
0,705,597,403,379,223,183,0,0,153,135,0,115,0,0,0,115,135,153,0,183,0,223,0,0,0,0,0,379,403,0,0,0,0,0,597,0,0,705,0
0,0,0,0,0,0,0,0,0,0,0,0,0,0,0,0,0,0,0,0,0,0,0,0,0,0,0,0,0,0,0,0,0,0,0,0,0,0,0,0
0,706,598,404,380,224,184,0,0,154,136,0,116,0,0,0,116,136,154,0,184,0,224,0,0,0,0,0,380,404,0,0,0,0,0,598,0,0,706,0
0,751,679,455,489,263,203,0,225,185,155,137,0,0,117,0,117,137,155,0,185,203,225,0,263,0,0,0,0,0,0,455,489,0,0,0,0,679,0,751
0,0,0,0,0,0,0,0,0,0,0,0,0,0,0,0,0,0,0,0,0,0,0,0,0,0,0,0,0,0,0,0,0,0,0,0,0,0,0,0
0,752,680,456,490,264,204,0,226,186,156,138,0,0,118,0,118,138,156,0,186,204,226,0,264,0,0,0,0,0,0,456,490,0,0,0,0,680,0,752
0,0,707,559,0,323,243,205,293,0,169,0,157,139,0,119,119,139,157,169,0,205,0,243,0,293,323,0,0,0,0,0,0,0,559,0,0,0,707,0
0,0,0,0,0,0,0,0,0,0,0,0,0,0,0,0,0,0,0,0,0,0,0,0,0,0,0,0,0,0,0,0,0,0,0,0,0,0,0,0
0,0,708,560,0,324,244,206,294,0,170,0,158,140,0,120,120,140,158,170,0,206,0,244,0,294,324,0,0,0,0,0,0,0,560,0,0,0,708,0
0,0,753,709,561,523,265,245,0,0,187,171,0,159,0,141,0,141,159,171,187,0,0,245,265,0,0,0,0,0,0,0,0,523,561,0,0,0,709,753
0,0,0,0,0,0,0,0,0,0,0,0,0,0,0,0,0,0,0,0,0,0,0,0,0,0,0,0,0,0,0,0,0,0,0,0,0,0,0,0
0,0,754,710,562,524,266,246,0,0,188,172,0,160,0,142,0,142,160,172,188,0,0,246,266,0,0,0,0,0,0,0,0,524,562,0,0,0,710,754
0,0,0,0,637,599,325,267,0,0,0,207,173,0,161,0,143,143,161,173,0,207,0,0,267,0,325,0,0,0,0,0,0,0,0,599,637,0,0,0
0,0,0,0,0,0,0,0,0,0,0,0,0,0,0,0,0,0,0,0,0,0,0,0,0,0,0,0,0,0,0,0,0,0,0,0,0,0,0,0
0,0,0,0,638,600,326,268,0,0,0,208,174,0,162,0,144,144,162,174,0,208,0,0,268,0,326,0,0,0,0,0,0,0,0,600,638,0,0,0
0,0,0,0,755,639,405,327,0,269,0,227,189,0,175,0,0,0,0,175,189,0,227,0,269,0,327,0,0,405,0,0,0,0,0,0,639,0,0,755
0,0,0,0,0,0,0,0,0,0,0,0,0,0,0,0,0,0,0,0,0,0,0,0,0,0,0,0,0,0,0,0,0,0,0,0,0,0,0,0
0,0,0,0,756,640,406,328,0,270,0,228,190,0,176,0,0,0,0,176,190,0,228,0,270,0,328,0,0,406,0,0,0,0,0,0,640,0,0,756
0,0,0,0,0,0,525,349,0,295,271,247,209,191,0,0,0,0,177,177,191,209,0,247,271,295,0,349,0,0,0,0,0,525,0,0,0,0,0,0
0,0,0,0,0,0,0,0,0,0,0,0,0,0,0,0,0,0,0,0,0,0,0,0,0,0,0,0,0,0,0,0,0,0,0,0,0,0,0,0
0,0,0,0,0,0,526,350,0,296,272,248,210,192,0,0,0,0,178,178,192,210,0,248,272,296,0,350,0,0,0,0,0,526,0,0,0,0,0,0
0,0,0,0,0,0,563,407,351,329,297,273,229,0,193,0,0,0,0,0,193,0,229,0,273,297,329,351,0,407,0,0,0,0,563,0,0,0,0,0
0,0,0,0,0,0,0,0,0,0,0,0,0,0,0,0,0,0,0,0,0,0,0,0,0,0,0,0,0,0,0,0,0,0,0,0,0,0,0,0
0,0,0,0,0,0,564,408,352,330,298,274,230,0,194,0,0,0,0,0,194,0,230,0,274,298,330,352,0,408,0,0,0,0,564,0,0,0,0,0
0,0,0,0,0,0,641,491,409,353,331,299,249,231,211,0,0,0,0,195,195,211,231,249,0,299,331,353,0,409,0,0,491,0,0,0,641,0,0,0
0,0,0,0,0,0,0,0,0,0,0,0,0,0,0,0,0,0,0,0,0,0,0,0,0,0,0,0,0,0,0,0,0,0,0,0,0,0,0,0
0,0,0,0,0,0,642,492,410,354,332,300,250,232,212,0,0,0,0,196,196,212,232,250,0,300,332,354,0,410,0,0,492,0,0,0,642,0,0,0
0,0,0,0,0,0,681,565,0,439,355,0,301,251,275,213,0,0,0,0,0,213,0,251,275,301,0,355,0,0,439,0,0,0,565,0,0,681,0,0
0,0,0,0,0,0,0,0,0,0,0,0,0,0,0,0,0,0,0,0,0,0,0,0,0,0,0,0,0,0,0,0,0,0,0,0,0,0,0,0
0,0,0,0,0,0,682,566,0,440,356,0,302,252,276,214,0,0,0,0,0,214,0,252,276,302,0,356,0,0,440,0,0,0,566,0,0,682,0,0
0,0,0,0,0,0,757,601,567,457,381,0,333,303,0,277,253,215,0,0,0,215,0,253,277,303,333,0,381,0,0,457,0,0,567,601,0,0,0,757
0,0,0,0,0,0,0,0,0,0,0,0,0,0,0,0,0,0,0,0,0,0,0,0,0,0,0,0,0,0,0,0,0,0,0,0,0,0,0,0
0,0,0,0,0,0,758,602,568,458,382,0,334,304,0,278,254,216,0,0,0,216,0,254,278,304,334,0,382,0,0,458,0,0,568,602,0,0,0,758
0,0,0,0,0,0,0,643,603,493,411,383,357,0,305,0,279,233,0,0,0,0,233,0,279,305,0,357,383,411,0,0,493,0,0,603,643,0,0,0
0,0,0,0,0,0,0,0,0,0,0,0,0,0,0,0,0,0,0,0,0,0,0,0,0,0,0,0,0,0,0,0,0,0,0,0,0,0,0,0
0,0,0,0,0,0,0,644,604,494,412,384,358,0,306,0,280,234,0,0,0,0,234,0,280,306,0,358,384,412,0,0,494,0,0,604,644,0,0,0
0,0,0,0,0,0,0,759,645,569,527,413,495,359,0,0,307,255,235,0,0,0,235,255,0,307,0,359,0,413,0,0,495,527,569,0,645,0,0,759
0,0,0,0,0,0,0,0,0,0,0,0,0,0,0,0,0,0,0,0,0,0,0,0,0,0,0,0,0,0,0,0,0,0,0,0,0,0,0,0
0,0,0,0,0,0,0,760,646,570,528,414,496,360,0,0,308,256,236,0,0,0,236,256,0,308,0,360,0,414,0,0,496,528,570,0,646,0,0,760
0,0,0,0,0,0,0,0,0,605,571,0,0,415,361,0,335,281,257,0,0,0,0,257,281,0,335,361,0,415,0,0,0,0,571,605,0,0,0,0
0,0,0,0,0,0,0,0,0,0,0,0,0,0,0,0,0,0,0,0,0,0,0,0,0,0,0,0,0,0,0,0,0,0,0,0,0,0,0,0
0,0,0,0,0,0,0,0,0,606,572,0,0,416,362,0,336,282,258,0,0,0,0,258,282,0,336,362,0,416,0,0,0,0,572,606,0,0,0,0
0,0,0,0,0,0,0,0,0,711,647,573,607,441,385,363,0,309,337,283,259,0,0,259,283,309,337,363,385,0,441,0,0,0,573,607,647,0,711,0
0,0,0,0,0,0,0,0,0,0,0,0,0,0,0,0,0,0,0,0,0,0,0,0,0,0,0,0,0,0,0,0,0,0,0,0,0,0,0,0
0,0,0,0,0,0,0,0,0,712,648,574,608,442,386,364,0,310,338,284,260,0,0,260,284,310,338,364,386,0,442,0,0,0,574,608,648,0,712,0
0,0,0,0,0,0,0,0,0,0,713,649,683,459,0,387,0,365,0,0,311,285,0,0,285,311,0,365,387,0,0,459,0,0,0,0,649,683,713,0
0,0,0,0,0,0,0,0,0,0,0,0,0,0,0,0,0,0,0,0,0,0,0,0,0,0,0,0,0,0,0,0,0,0,0,0,0,0,0,0
0,0,0,0,0,0,0,0,0,0,714,650,684,460,0,388,0,366,0,0,312,286,0,0,286,312,0,366,388,0,0,460,0,0,0,0,650,684,714,0
0,0,0,0,0,0,0,0,0,0,761,715,0,497,461,417,389,0,0,367,339,313,287,0,287,313,339,367,389,417,0,461,497,0,0,0,0,0,715,761
0,0,0,0,0,0,0,0,0,0,0,0,0,0,0,0,0,0,0,0,0,0,0,0,0,0,0,0,0,0,0,0,0,0,0,0,0,0,0,0
0,0,0,0,0,0,0,0,0,0,762,716,0,498,462,418,390,0,0,368,340,314,288,0,288,314,340,368,390,418,0,462,498,0,0,0,0,0,716,762
0,0,0,0,0,0,0,0,0,0,0,0,717,529,499,443,419,391,0,0,0,369,315,0,0,315,0,369,391,419,443,0,499,529,0,0,0,0,717,0
0,0,0,0,0,0,0,0,0,0,0,0,0,0,0,0,0,0,0,0,0,0,0,0,0,0,0,0,0,0,0,0,0,0,0,0,0,0,0,0
0,0,0,0,0,0,0,0,0,0,0,0,718,530,500,444,420,392,0,0,0,370,316,0,0,316,0,370,392,420,444,0,500,530,0,0,0,0,718,0
0,0,0,0,0,0,0,0,0,0,0,0,0,575,531,501,445,421,393,0,0,0,371,317,0,317,0,371,393,421,445,0,501,531,575,0,0,0,0,0
0,0,0,0,0,0,0,0,0,0,0,0,0,0,0,0,0,0,0,0,0,0,0,0,0,0,0,0,0,0,0,0,0,0,0,0,0,0,0,0
0,0,0,0,0,0,0,0,0,0,0,0,0,576,532,502,446,422,394,0,0,0,372,318,0,318,0,372,394,422,446,0,502,532,576,0,0,0,0,0
0,0,0,0,0,0,0,0,0,0,0,0,0,609,0,533,463,0,423,0,0,0,395,373,0,341,341,373,395,423,0,463,0,533,0,609,0,0,0,0
0,0,0,0,0,0,0,0,0,0,0,0,0,0,0,0,0,0,0,0,0,0,0,0,0,0,0,0,0,0,0,0,0,0,0,0,0,0,0,0
0,0,0,0,0,0,0,0,0,0,0,0,0,610,0,534,464,0,424,0,0,0,396,374,0,342,342,374,396,424,0,464,0,534,0,610,0,0,0,0
0,0,0,0,0,0,0,0,0,0,0,0,0,685,0,577,503,465,0,0,425,0,0,397,375,0,0,375,397,425,0,465,503,0,577,0,0,685,0,0
0,0,0,0,0,0,0,0,0,0,0,0,0,0,0,0,0,0,0,0,0,0,0,0,0,0,0,0,0,0,0,0,0,0,0,0,0,0,0,0
0,0,0,0,0,0,0,0,0,0,0,0,0,686,0,578,504,466,0,0,426,0,0,398,376,0,0,376,398,426,0,466,504,0,578,0,0,686,0,0
0,0,0,0,0,0,0,0,0,0,0,0,0,719,687,611,535,0,467,505,447,427,0,0,0,0,0,399,399,427,447,467,505,535,0,611,0,687,719,0
0,0,0,0,0,0,0,0,0,0,0,0,0,0,0,0,0,0,0,0,0,0,0,0,0,0,0,0,0,0,0,0,0,0,0,0,0,0,0,0
0,0,0,0,0,0,0,0,0,0,0,0,0,720,688,612,536,0,468,506,448,428,0,0,0,0,0,400,400,428,448,468,506,536,0,612,0,688,720,0
0,0,0,0,0,0,0,0,0,0,0,0,0,0,0,721,613,0,537,0,469,0,0,0,429,0,0,0,0,429,0,469,0,537,0,613,0,0,721,0
0,0,0,0,0,0,0,0,0,0,0,0,0,0,0,0,0,0,0,0,0,0,0,0,0,0,0,0,0,0,0,0,0,0,0,0,0,0,0,0
0,0,0,0,0,0,0,0,0,0,0,0,0,0,0,722,614,0,538,0,470,0,0,0,430,0,0,0,0,430,0,470,0,538,0,614,0,0,722,0
0,0,0,0,0,0,0,0,0,0,0,0,0,0,0,0,651,615,579,539,0,471,0,0,0,431,0,0,0,431,0,471,0,539,579,615,651,0,0,0
0,0,0,0,0,0,0,0,0,0,0,0,0,0,0,0,0,0,0,0,0,0,0,0,0,0,0,0,0,0,0,0,0,0,0,0,0,0,0,0
0,0,0,0,0,0,0,0,0,0,0,0,0,0,0,0,652,616,580,540,0,472,0,0,0,432,0,0,0,432,0,472,0,540,580,616,652,0,0,0
0,0,0,0,0,0,0,0,0,0,0,0,0,0,0,0,723,689,617,581,541,507,473,0,0,0,433,0,0,433,0,473,507,541,581,617,0,689,723,0
0,0,0,0,0,0,0,0,0,0,0,0,0,0,0,0,0,0,0,0,0,0,0,0,0,0,0,0,0,0,0,0,0,0,0,0,0,0,0,0
0,0,0,0,0,0,0,0,0,0,0,0,0,0,0,0,724,690,618,582,542,508,474,0,0,0,434,0,0,434,0,474,508,542,582,618,0,690,724,0
0,0,0,0,0,0,0,0,0,0,0,0,0,0,0,0,0,0,691,619,583,0,509,475,0,0,0,435,0,435,0,475,509,0,583,619,0,691,0,0
0,0,0,0,0,0,0,0,0,0,0,0,0,0,0,0,0,0,0,0,0,0,0,0,0,0,0,0,0,0,0,0,0,0,0,0,0,0,0,0
0,0,0,0,0,0,0,0,0,0,0,0,0,0,0,0,0,0,692,620,584,0,510,476,0,0,0,436,0,436,0,476,510,0,584,620,0,692,0,0
0,0,0,0,0,0,0,0,0,0,0,0,0,0,0,0,0,0,725,653,0,585,0,511,477,0,0,449,0,0,449,477,511,0,585,0,653,0,725,0
0,0,0,0,0,0,0,0,0,0,0,0,0,0,0,0,0,0,0,0,0,0,0,0,0,0,0,0,0,0,0,0,0,0,0,0,0,0,0,0
0,0,0,0,0,0,0,0,0,0,0,0,0,0,0,0,0,0,726,654,0,586,0,512,478,0,0,450,0,0,450,478,512,0,586,0,654,0,726,0
0,0,0,0,0,0,0,0,0,0,0,0,0,0,0,0,0,0,763,0,655,621,0,543,0,513,0,479,451,0,451,479,513,543,0,621,655,0,0,763
0,0,0,0,0,0,0,0,0,0,0,0,0,0,0,0,0,0,0,0,0,0,0,0,0,0,0,0,0,0,0,0,0,0,0,0,0,0,0,0
0,0,0,0,0,0,0,0,0,0,0,0,0,0,0,0,0,0,764,0,656,622,0,544,0,514,0,480,452,0,452,480,514,544,0,622,656,0,0,764
0,0,0,0,0,0,0,0,0,0,0,0,0,0,0,0,0,0,0,765,693,0,623,587,0,0,0,515,481,0,0,481,515,0,587,623,0,693,0,765
0,0,0,0,0,0,0,0,0,0,0,0,0,0,0,0,0,0,0,0,0,0,0,0,0,0,0,0,0,0,0,0,0,0,0,0,0,0,0,0
0,0,0,0,0,0,0,0,0,0,0,0,0,0,0,0,0,0,0,766,694,0,624,588,0,0,0,516,482,0,0,482,516,0,588,624,0,694,0,766
0,0,0,0,0,0,0,0,0,0,0,0,0,0,0,0,0,0,0,0,727,0,0,625,0,0,589,545,517,483,0,483,517,545,589,625,0,0,727,0
0,0,0,0,0,0,0,0,0,0,0,0,0,0,0,0,0,0,0,0,0,0,0,0,0,0,0,0,0,0,0,0,0,0,0,0,0,0,0,0
0,0,0,0,0,0,0,0,0,0,0,0,0,0,0,0,0,0,0,0,728,0,0,626,0,0,590,546,518,484,0,484,518,546,590,626,0,0,728,0
0,0,0,0,0,0,0,0,0,0,0,0,0,0,0,0,0,0,0,0,0,0,0,657,0,627,0,0,547,0,485,485,0,547,0,627,657,0,0,0
0,0,0,0,0,0,0,0,0,0,0,0,0,0,0,0,0,0,0,0,0,0,0,0,0,0,0,0,0,0,0,0,0,0,0,0,0,0,0,0
0,0,0,0,0,0,0,0,0,0,0,0,0,0,0,0,0,0,0,0,0,0,0,658,0,628,0,0,548,0,486,486,0,548,0,628,658,0,0,0
0,0,0,0,0,0,0,0,0,0,0,0,0,0,0,0,0,0,0,0,0,0,0,729,659,0,0,629,0,549,519,0,519,549,0,629,659,0,729,0
0,0,0,0,0,0,0,0,0,0,0,0,0,0,0,0,0,0,0,0,0,0,0,0,0,0,0,0,0,0,0,0,0,0,0,0,0,0,0,0
0,0,0,0,0,0,0,0,0,0,0,0,0,0,0,0,0,0,0,0,0,0,0,730,660,0,0,630,0,550,520,0,520,550,0,630,660,0,730,0
0,0,0,0,0,0,0,0,0,0,0,0,0,0,0,0,0,0,0,0,0,0,0,0,0,661,0,0,631,0,551,521,521,551,0,631,661,0,0,0
0,0,0,0,0,0,0,0,0,0,0,0,0,0,0,0,0,0,0,0,0,0,0,0,0,0,0,0,0,0,0,0,0,0,0,0,0,0,0,0
0,0,0,0,0,0,0,0,0,0,0,0,0,0,0,0,0,0,0,0,0,0,0,0,0,662,0,0,632,0,552,522,522,552,0,632,662,0,0,0
0,0,0,0,0,0,0,0,0,0,0,0,0,0,0,0,0,0,0,0,0,0,0,0,0,695,663,0,0,633,0,0,591,0,591,633,663,695,0,0
0,0,0,0,0,0,0,0,0,0,0,0,0,0,0,0,0,0,0,0,0,0,0,0,0,0,0,0,0,0,0,0,0,0,0,0,0,0,0,0
0,0,0,0,0,0,0,0,0,0,0,0,0,0,0,0,0,0,0,0,0,0,0,0,0,696,664,0,0,634,0,0,592,0,592,634,664,696,0,0
0,0,0,0,0,0,0,0,0,0,0,0,0,0,0,0,0,0,0,0,0,0,0,0,0,731,0,665,0,0,635,0,0,593,593,635,665,0,731,0
0,0,0,0,0,0,0,0,0,0,0,0,0,0,0,0,0,0,0,0,0,0,0,0,0,0,0,0,0,0,0,0,0,0,0,0,0,0,0,0
0,0,0,0,0,0,0,0,0,0,0,0,0,0,0,0,0,0,0,0,0,0,0,0,0,732,0,666,0,0,636,0,0,594,594,636,666,0,732,0
0,0,0,0,0,0,0,0,0,0,0,0,0,0,0,0,0,0,0,0,0,0,0,0,0,0,0,697,667,0,0,0,0,0,0,0,667,697,0,0
0,0,0,0,0,0,0,0,0,0,0,0,0,0,0,0,0,0,0,0,0,0,0,0,0,0,0,0,0,0,0,0,0,0,0,0,0,0,0,0
0,0,0,0,0,0,0,0,0,0,0,0,0,0,0,0,0,0,0,0,0,0,0,0,0,0,0,698,668,0,0,0,0,0,0,0,668,698,0,0
0,0,0,0,0,0,0,0,0,0,0,0,0,0,0,0,0,0,0,0,0,0,0,0,0,0,0,0,733,669,0,0,0,0,0,0,669,0,733,0
0,0,0,0,0,0,0,0,0,0,0,0,0,0,0,0,0,0,0,0,0,0,0,0,0,0,0,0,0,0,0,0,0,0,0,0,0,0,0,0
0,0,0,0,0,0,0,0,0,0,0,0,0,0,0,0,0,0,0,0,0,0,0,0,0,0,0,0,734,670,0,0,0,0,0,0,670,0,734,0
0,0,0,0,0,0,0,0,0,0,0,0,0,0,0,0,0,0,0,0,0,0,0,0,0,0,0,0,0,699,671,0,0,0,0,0,671,699,0,0
0,0,0,0,0,0,0,0,0,0,0,0,0,0,0,0,0,0,0,0,0,0,0,0,0,0,0,0,0,0,0,0,0,0,0,0,0,0,0,0
0,0,0,0,0,0,0,0,0,0,0,0,0,0,0,0,0,0,0,0,0,0,0,0,0,0,0,0,0,700,672,0,0,0,0,0,672,700,0,0
0,0,0,0,0,0,0,0,0,0,0,0,0,0,0,0,0,0,0,0,0,0,0,0,0,0,0,0,0,767,701,673,0,0,0,0,673,701,0,767
0,0,0,0,0,0,0,0,0,0,0,0,0,0,0,0,0,0,0,0,0,0,0,0,0,0,0,0,0,0,0,0,0,0,0,0,0,0,0,0
0,0,0,0,0,0,0,0,0,0,0,0,0,0,0,0,0,0,0,0,0,0,0,0,0,0,0,0,0,768,702,674,0,0,0,0,674,702,0,768
0,0,0,0,0,0,0,0,0,0,0,0,0,0,0,0,0,0,0,0,0,0,0,0,0,0,0,0,0,0,735,0,0,703,0,0,0,703,735,0
0,0,0,0,0,0,0,0,0,0,0,0,0,0,0,0,0,0,0,0,0,0,0,0,0,0,0,0,0,0,0,0,0,0,0,0,0,0,0,0
0,0,0,0,0,0,0,0,0,0,0,0,0,0,0,0,0,0,0,0,0,0,0,0,0,0,0,0,0,0,736,0,0,704,0,0,0,704,736,0
0,0,0,0,0,0,0,0,0,0,0,0,0,0,0,0,0,0,0,0,0,0,0,0,0,0,0,0,0,0,769,737,0,0,0,0,0,0,737,769
0,0,0,0,0,0,0,0,0,0,0,0,0,0,0,0,0,0,0,0,0,0,0,0,0,0,0,0,0,0,0,0,0,0,0,0,0,0,0,0
0,0,0,0,0,0,0,0,0,0,0,0,0,0,0,0,0,0,0,0,0,0,0,0,0,0,0,0,0,0,770,738,0,0,0,0,0,0,738,770
0,0,0,0,0,0,0,0,0,0,0,0,0,0,0,0,0,0,0,0,0,0,0,0,0,0,0,0,0,0,0,771,739,0,0,0,0,0,739,771
0,0,0,0,0,0,0,0,0,0,0,0,0,0,0,0,0,0,0,0,0,0,0,0,0,0,0,0,0,0,0,0,0,0,0,0,0,0,0,0
0,0,0,0,0,0,0,0,0,0,0,0,0,0,0,0,0,0,0,0,0,0,0,0,0,0,0,0,0,0,0,772,740,0,0,0,0,0,740,772
0,0,0,0,0,0,0,0,0,0,0,0,0,0,0,0,0,0,0,0,0,0,0,0,0,0,0,0,0,0,0,0,0,773,741,0,0,0,741,773
0,0,0,0,0,0,0,0,0,0,0,0,0,0,0,0,0,0,0,0,0,0,0,0,0,0,0,0,0,0,0,0,0,0,0,0,0,0,0,0
0,0,0,0,0,0,0,0,0,0,0,0,0,0,0,0,0,0,0,0,0,0,0,0,0,0,0,0,0,0,0,0,0,774,742,0,0,0,742,774
0,0,0,0,0,0,0,0,0,0,0,0,0,0,0,0,0,0,0,0,0,0,0,0,0,0,0,0,0,0,0,0,0,0,0,743,0,0,743,0
0,0,0,0,0,0,0,0,0,0,0,0,0,0,0,0,0,0,0,0,0,0,0,0,0,0,0,0,0,0,0,0,0,0,0,0,0,0,0,0
0,0,0,0,0,0,0,0,0,0,0,0,0,0,0,0,0,0,0,0,0,0,0,0,0,0,0,0,0,0,0,0,0,0,0,744,0,0,744,0
0,0,0,0,0,0,0,0,0,0,0,0,0,0,0,0,0,0,0,0,0,0,0,0,0,0,0,0,0,0,0,0,0,0,0,775,745,0,745,775
0,0,0,0,0,0,0,0,0,0,0,0,0,0,0,0,0,0,0,0,0,0,0,0,0,0,0,0,0,0,0,0,0,0,0,0,0,0,0,0
0,0,0,0,0,0,0,0,0,0,0,0,0,0,0,0,0,0,0,0,0,0,0,0,0,0,0,0,0,0,0,0,0,0,0,776,746,0,746,776
0,0,0,0,0,0,0,0,0,0,0,0,0,0,0,0,0,0,0,0,0,0,0,0,0,0,0,0,0,0,0,0,0,0,0,0,777,747,747,777
0,0,0,0,0,0,0,0,0,0,0,0,0,0,0,0,0,0,0,0,0,0,0,0,0,0,0,0,0,0,0,0,0,0,0,0,0,0,0,0
0,0,0,0,0,0,0,0,0,0,0,0,0,0,0,0,0,0,0,0,0,0,0,0,0,0,0,0,0,0,0,0,0,0,0,0,778,748,748,778
0,0,0,0,0,0,0,0,0,0,0,0,0,0,0,0,0,0,0,0,0,0,0,0,0,0,0,0,0,0,0,0,0,0,0,0,0,779,0,779
0,0,0,0,0,0,0,0,0,0,0,0,0,0,0,0,0,0,0,0,0,0,0,0,0,0,0,0,0,0,0,0,0,0,0,0,0,0,0,0
0,0,0,0,0,0,0,0,0,0,0,0,0,0,0,0,0,0,0,0,0,0,0,0,0,0,0,0,0,0,0,0,0,0,0,0,0,780,0,780
